id,symbol,user,owned
1,GS,70,460
2,VZ,171,612
3,NDAQ,164,26
4,INTC,180,799
5,AWK,111,263
6,ETR,179,356
7,GM,156,176
8,GOOGL,36,418
9,CRM,149,358
10,MO,186,408
11,DVN,78,558
12,T,9,324
13,FIS,60,451
14,GPS,188,148
15,EIX,22,481
16,BRK.B,133,705
17,CRM,9,438
18,WBA,12,612
19,TRIP,77,68
20,MSFT,119,364
21,ADBE,61,635
22,BWA,53,345
23,VZ,2,439
24,GPS,51,845
25,BK,33,355
26,PEP,57,451
27,AMD,45,160
28,CHD,130,773
29,LMT,169,38
30,INTC,105,132
31,NKE,73,611
32,AAPL,2,951
33,ORCL,81,444
34,AKAM,2,166
35,T,193,532
36,TRIP,141,516
37,XOM,35,1004
38,GS,60,673
39,AYI,134,634
40,GS,190,428
41,BMY,163,436
42,XOM,61,961
43,INTC,69,798
44,GOOGL,126,17
45,V,190,157
46,AYI,121,906
47,PEP,152,242
48,APC,44,887
49,AMZN,181,511
50,TXN,75,377
51,FIS,117,1012
52,WYN,75,133
53,ACN,50,263
54,PSX,55,222
55,F,130,471
56,C,113,233
57,PSX,64,931
58,ACN,3,327
59,CRM,192,613
60,SNA,132,650
61,HD,77,66
62,HOG,69,608
63,BBT,7,288
64,TPR,88,692
65,ROK,135,537
66,BMY,52,522
67,GOOGL,38,886
68,CPB,65,8
69,CRM,37,613
70,MON,133,220
71,C,76,1219
72,VZ,118,562
73,GS,178,675
74,NKE,104,1109
75,BF.B,57,788
76,GS,182,514
77,F,21,404
78,ED,49,614
79,TWX,141,619
80,AIG,66,625
81,AAPL,187,415
82,FDX,165,129
83,WMB,83,630
84,BMY,96,841
85,AIZ,77,285
86,HAL,78,1098
87,TAP,144,380
88,PCLN,111,478
89,ATVI,4,947
90,INTC,53,773
91,GOOG,44,809
92,ETFC,72,1137
93,IT,133,672
94,ADM,60,739
95,AMZN,179,130
96,GE,158,511
97,WFC,32,112
98,AIG,21,443
99,ADI,50,1060
100,F,148,687
101,MA,180,741
102,EIX,73,884
103,ADSK,52,454
104,MSFT,133,1090
105,GOOGL,67,840
106,DISCA,128,613
107,UA,50,50
108,GOOGL,190,643
109,BMY,8,463
110,XOM,135,157
111,WMT,6,630
112,MSFT,141,438
113,TXN,133,119
114,C,41,614
115,GOOGL,44,451
116,DISCA,64,422
117,APC,118,151
118,DAL,129,829
119,CTXS,84,676
120,PGR,73,718
121,C,52,797
122,VZ,9,98
123,INTU,57,272
124,HPQ,154,660
125,GS,51,619
126,C,73,619
127,WY,104,94
128,BRK.B,123,503
129,WY,126,529
130,AEP,71,293
131,FITB,155,265
132,PKI,24,597
133,FL,62,700
134,ABT,168,368
135,EBAY,156,634
136,KMX,35,14
137,GS,173,1063
138,CTXS,98,318
139,MO,174,385
140,GPS,68,508
141,XL,28,612
142,A,91,631
143,FIS,60,666
144,VZ,33,446
145,SNA,111,23
146,F,115,744
147,TIF,32,682
148,FIS,169,334
149,GPS,67,106
150,YUM,118,668
151,AAPL,98,476
152,CCL,67,340
153,YUM,190,720
154,DIS,190,199
155,EBAY,51,368
156,INTU,32,637
157,MS,147,884
158,C,107,381
159,T,81,105
160,HAL,111,370
161,BRK.B,133,302
162,F,40,347
163,CVX,179,1088
164,GE,48,877
165,AIG,190,512
166,GOOGL,161,398
167,FIS,102,702
168,SO,109,116
169,EMN,134,627
170,NSC,61,469
171,DRI,24,122
172,STX,114,315
173,WFC,75,934
174,WDC,8,613
175,GM,17,916
176,GPS,53,692
177,BIIB,179,409
178,EBAY,32,990
179,D,23,412
180,HPQ,150,544
181,GOOGL,178,395
182,BRK.B,145,596
183,AMAT,76,524
184,TXN,120,579
185,SO,174,369
186,RHT,183,548
187,GOOGL,28,791
188,CRM,71,629
189,FB,165,1038
190,EIX,119,93
191,V,76,1063
192,TWX,107,15
193,CNC,190,713
194,NFLX,154,712
195,NVDA,177,869
196,WMB,71,504
197,AAPL,52,492
198,CNC,90,597
199,GS,22,745
200,AAPL,133,492
201,NSC,183,536
202,AMZN,80,705
203,CBG,123,423
204,AAP,121,544
205,AAPL,151,269
206,ADSK,37,125
207,GOOGL,33,796
208,VZ,11,440
209,GOOGL,49,561
210,NSC,102,89
211,HAL,155,343
212,V,154,595
213,BA,32,855
214,EFX,70,610
215,V,54,213
216,IP,35,536
217,BK,62,300
218,STT,6,687
219,EBAY,9,935
220,WFC,83,545
221,WFC,163,598
222,DIS,133,648
223,AMZN,84,407
224,EBAY,131,663
225,WFC,97,166
226,INTU,32,648
227,BBY,57,1125
228,XOM,17,191
229,AMD,52,14
230,BIIB,165,548
231,GE,78,460
232,STT,188,440
233,SO,98,323
234,BRK.B,123,650
235,BLK,32,253
236,AMZN,6,143
237,GE,12,323
238,CVX,2,377
239,XL,101,79
240,WMB,172,623
241,AIZ,16,261
242,ADSK,7,589
243,IBM,105,595
244,BAX,98,566
245,HPE,91,1151
246,VZ,30,563
247,F,197,475
248,GOOG,141,91
249,GIS,118,788
250,IBM,118,846
251,DAL,179,378
252,EXC,37,209
253,AEP,135,682
254,PEP,118,280
255,GS,187,667
256,DISCA,142,745
257,MCD,107,142
258,T,58,607
259,BAX,133,485
260,MSFT,6,402
261,ADM,35,294
262,AFL,184,328
263,GS,188,91
264,CA,34,794
265,ED,152,167
266,CVX,123,561
267,EIX,40,934
268,F,64,335
269,PGR,68,201
270,WMB,45,691
271,GE,156,202
272,BBY,53,539
273,GE,25,918
274,PSX,199,196
275,CSCO,102,992
276,WM,13,1093
277,WMT,36,720
278,UTX,71,276
279,NFLX,66,760
280,WDC,40,481
281,ATVI,63,348
282,AYI,98,166
283,FB,161,614
284,MSFT,192,950
285,FITB,136,141
286,AAPL,144,668
287,AAPL,8,584
288,AIZ,178,1074
289,DPS,178,673
290,GE,121,631
291,ABT,26,692
292,PEP,77,222
293,NKE,98,650
294,K,193,343
295,ATVI,37,768
296,WMT,132,342
297,HAL,35,560
298,CRM,152,861
299,TXN,147,614
300,BIIB,199,637
301,CVX,183,219
302,MA,188,321
303,ZION,39,569
304,AIZ,107,309
305,WM,168,1236
306,VZ,44,49
307,PSX,53,269
308,CBG,74,510
309,TWX,56,670
310,TWX,13,4
311,WHR,84,500
312,NKE,45,69
313,EBAY,68,612
314,ADBE,100,396
315,WMT,58,379
316,ZION,132,435
317,SYMC,44,554
318,GT,32,533
319,TIF,69,722
320,ABT,173,847
321,CA,11,354
322,FB,77,893
323,GRMN,109,403
324,PM,28,633
325,NKE,149,516
326,AAPL,101,469
327,FB,71,698
328,WMT,161,12
329,NFLX,120,950
330,WYN,185,381
331,NDAQ,71,300
332,WDC,189,805
333,GD,141,654
334,AMZN,176,32
335,AMAT,35,502
336,CA,57,1028
337,AMZN,132,72
338,BAC,52,600
339,VZ,183,414
340,EBAY,86,357
341,EA,178,784
342,WBA,98,285
343,WHR,98,711
344,TXN,187,341
345,MCD,91,51
346,IP,66,801
347,SNA,179,13
348,GS,60,563
349,FB,75,396
350,NTAP,34,333
351,GS,73,355
352,CVX,99,415
353,INTC,50,409
354,YUM,87,218
355,XEL,8,873
356,MO,95,507
357,CTAS,167,1086
358,F,73,911
359,PM,132,816
360,SLB,190,258
361,NKE,113,435
362,DG,32,598
363,AAPL,89,683
364,PFE,39,1324
365,BMY,152,698
366,CHD,157,591
367,VZ,62,447
368,AKAM,169,340
369,C,98,887
370,NFLX,7,973
371,PEP,53,230
372,GOOGL,80,592
373,A,34,457
374,ADM,165,309
375,HD,134,628
376,LOW,63,708
377,AAPL,188,66
378,DIS,161,306
379,CVX,80,307
380,WDC,21,128
381,HD,65,418
382,BBT,79,632
383,XOM,47,608
384,BRK.B,37,472
385,UTX,103,229
386,AXP,177,703
387,KMB,188,184
388,GE,2,243
389,CNC,28,195
390,PYPL,88,431
391,FCX,28,564
392,XL,51,216
393,CAH,61,373
394,BMY,137,638
395,GIS,46,97
396,FIS,64,901
397,XOM,120,545
398,MCD,94,578
399,GE,20,431
400,AIZ,183,146
401,GE,11,67
402,KMX,152,184
403,PYPL,23,1200
404,CSCO,181,15
405,GE,141,313
406,SNA,44,402
407,DAL,61,511
408,GM,37,591
409,GOOGL,132,607
410,MS,179,998
411,AAPL,148,176
412,CRM,126,387
413,NSC,35,5200
414,BRK.B,109,650
415,AMD,143,768
416,MS,118,451
417,V,69,572
418,BRK.B,28,666
419,A,68,449
420,SO,54,472
421,GOOGL,81,327
422,WMB,36,429
423,NKE,152,589
424,AIG,179,479
425,MSFT,116,860
426,GOOGL,54,488
427,WDC,112,671
428,ETFC,152,397
429,AAPL,3,495
430,NFLX,67,881
431,C,157,592
432,F,170,501
433,EMN,152,326
434,JNPR,28,555
435,ZION,155,566
436,VIAB,28,169
437,BRK.B,100,456
438,GOOG,62,461
439,AXP,52,283
440,SBUX,69,412
441,ADM,78,170
442,DAL,190,662
443,IT,20,607
444,WYN,52,429
445,DRI,187,1230
446,ED,126,1045
447,AXP,197,430
448,D,111,787
449,NFLX,87,897
450,HPQ,23,626
451,PGR,118,746
452,CDNS,74,771
453,BMY,111,567
454,BIIB,152,979
455,GIS,163,189
456,FITB,193,252
457,MAT,142,751
458,GOOG,105,546
459,ORLY,133,668
460,NFLX,79,84
461,CBG,8,505
462,TWX,84,447
463,AMZN,157,243
464,WDC,91,5
465,UA,17,575
466,EMN,37,862
467,C,113,509
468,ROK,50,519
469,GOOGL,16,506
470,NDAQ,183,14
471,SO,92,214
472,PKI,126,269
473,V,83,89
474,C,91,440
475,HAL,60,363
476,DVN,52,146
477,SBUX,45,437
478,WFC,36,917
479,INTC,133,312
480,GOOGL,86,286
481,VZ,152,732
482,EBAY,89,1122
483,AMZN,190,505
484,FB,105,299
485,GS,13,859
486,MSFT,87,1300
487,AWK,188,698
488,WMB,92,289
489,MO,123,1500
490,UNP,67,702
491,BAC,111,405
492,MS,188,446
493,CAT,178,1006
494,WFC,168,562
495,NKE,124,616
496,INTU,116,643
497,INTU,68,298
498,WMT,118,222
499,ETR,84,2300
500,AJG,32,224
501,HD,131,267
502,AAPL,141,738
503,AAPL,187,1117
504,KMB,55,580
505,AWK,188,475
506,K,139,772
507,MET,193,330
508,ADBE,111,514
509,AEP,157,1500
510,RHT,50,200
511,AME,98,821
512,XL,64,311
513,T,9,192
514,MMM,118,615
515,BLK,111,559
516,ZION,75,894
517,VZ,195,695
518,DRI,141,551
519,WYN,105,1247
520,AMZN,158,758
521,EBAY,58,584
522,GE,61,284
523,CVX,4,810
524,AMGN,91,550
525,INTC,140,312
526,EMN,133,259
527,GOOGL,180,492
528,BRK.B,157,235
529,MS,75,182
530,FCX,67,385
531,DAL,44,888
532,NDAQ,109,488
533,AIZ,105,1109
534,FL,73,589
535,NFLX,50,720
536,WFC,197,475
537,COF,7,831
538,ADBE,144,170
539,KMB,52,577
540,CBS,139,2300
541,GM,50,352
542,WFC,101,303
543,AAPL,135,423
544,HD,115,839
545,ADBE,25,857
546,GIS,24,336
547,INTU,87,682
548,SNA,73,242
549,NKE,148,506
550,GPS,50,494
551,AMAT,167,790
552,ALXN,171,596
553,T,33,718
554,APC,173,123
555,AMD,140,376
556,AAPL,119,697
557,ZION,170,591
558,NFLX,113,494
559,BA,76,526
560,HAL,111,746
561,CVX,9,492
562,WFC,152,46
563,FFIV,52,585
564,K,199,531
565,MCD,52,294
566,GIS,41,252
567,INTC,91,735
568,AMZN,48,344
569,BAC,55,913
570,CAT,187,541
571,AAPL,187,370
572,HOG,140,323
573,AMAT,144,1108
574,AIG,64,504
575,XOM,12,457
576,TWX,32,52
577,AMZN,39,738
578,BK,38,550
579,CSCO,147,703
580,NFLX,180,550
581,NFLX,128,224
582,ORCL,111,415
583,CRM,68,922
584,HD,137,37
585,EMN,105,264
586,CHD,187,412
587,XOM,168,250
588,DPS,95,1010
589,FFIV,188,509
590,T,113,558
591,TRIP,107,247
592,PSX,13,1158
593,GM,48,343
594,EXC,70,326
595,CVX,101,491
596,GM,166,41
597,WHR,157,731
598,DAL,156,826
599,DIS,66,455
600,FL,91,15
601,WDC,116,574
602,AMZN,130,215
603,ADM,36,837
604,KMX,118,1096
605,AEP,118,661
606,AMZN,135,483
607,PGR,163,174
608,CVX,75,844
609,CCL,102,485
610,MON,193,741
611,GM,39,298
612,AMT,161,1056
613,IP,157,681
614,HAL,129,0
615,SO,197,2030
616,YUM,85,522
617,ALL,150,973
618,GS,34,222
619,AON,120,313
620,AEP,129,698
621,ADSK,30,37
622,ADSK,45,655
623,GOOG,35,2360
624,NDAQ,30,723
625,TPR,78,643
626,TXN,187,915
627,AMZN,147,277
628,INTU,197,24
629,HPE,185,101
630,V,190,290
631,XL,11,494
632,T,183,621
633,NDAQ,193,2400
634,MS,119,706
635,AAPL,39,183
636,GE,177,2540
637,V,177,314
638,DISCA,121,721
639,BIIB,12,586
640,AXP,118,858
641,GM,98,200
642,AMZN,20,935
643,AAPL,126,332
644,CSCO,132,690
645,L,144,275
646,TWX,59,723
647,DVN,118,245
648,GOOGL,120,595
649,CSCO,105,784
650,JCI,179,304
651,NDAQ,145,486
652,EXC,161,630
653,WM,149,825
654,MA,144,6900
655,FITB,171,622
656,LOW,187,433
657,GOOGL,114,398
658,PM,189,656
659,TWX,73,671
660,EMN,81,479
661,EA,190,499
662,AIZ,76,284
663,CBS,200,542
664,EFX,152,564
665,CNC,179,728
666,BLK,116,857
667,INTC,11,231
668,MCD,141,417
669,T,33,802
670,GOOG,58,171
671,VZ,178,215
672,WHR,48,262
673,VZ,94,351
674,BAC,69,1034
675,ECL,141,809
676,ROK,152,1027
677,MON,93,226
678,AEP,36,76
679,AIG,29,437
680,GM,111,1053
681,AOS,3,196
682,AKAM,140,378
683,CMG,136,725
684,ZION,77,507
685,AAPL,7,1336
686,MSFT,145,430
687,TRIP,193,232
688,WYN,8,16
689,WFC,178,898
690,AMZN,124,424
691,NKE,102,281
692,EMN,63,155
693,SO,62,833
694,WFC,75,417
695,CVX,69,687
696,PPL,181,167
697,K,145,172
698,AJG,82,879
699,T,56,731
700,VZ,179,503
701,INTC,166,422
702,AAPL,19,595
703,EXC,48,249
704,AMGN,128,5800
705,XRAY,67,521
706,WMT,188,956
707,HAL,64,7500
708,WYN,41,442
709,AMZN,147,687
710,ACN,118,815
711,AAP,144,642
712,GS,11,962
713,CMG,2,405
714,APC,165,627
715,ETFC,86,418
716,AAPL,54,828
717,AIZ,106,1016
718,CVX,138,417
719,NFLX,161,1160
720,AKAM,70,112
721,CTXS,62,316
722,INTC,198,690
723,ABC,129,648
724,HOG,8,651
725,CB,99,365
726,CTXS,155,616
727,GOOGL,57,523
728,AMT,36,503
729,GOOGL,167,329
730,NSC,170,31
731,APC,158,821
732,BRK.B,170,700
733,EXPE,92,937
734,APA,179,811
735,ALXN,88,541
736,AMZN,129,604
737,T,163,450
738,FB,60,395
739,CRM,33,593
740,STT,187,483
741,PM,62,843
742,PG,79,445
743,GPS,113,704
744,CCL,101,849
745,F,154,917
746,A,166,491
747,KMX,36,487
748,APC,19,871
749,GE,193,672
750,FIS,60,380
751,BRK.B,197,407
752,GM,62,6
753,BRK.B,136,269
754,APC,180,895
755,NKE,200,631
756,AFL,194,463
757,T,137,1196
758,FIS,23,413
759,CAH,53,69
760,MU,123,1045
761,WMT,83,858
762,CSCO,42,636
763,EBAY,52,491
764,CVX,157,465
765,C,115,443
766,BK,199,771
767,AWK,97,530
768,LMT,188,812
769,CMG,165,603
770,BBT,102,411
771,SLB,135,833
772,CMG,12,356
773,CVX,3,605
774,ROK,171,588
775,IP,118,1052
776,AIZ,183,533
777,GS,78,1062
778,TAP,28,11
779,WY,51,725
780,BRK.B,118,174
781,WMT,115,1177
782,FCX,174,842
783,MSFT,170,223
784,EBAY,158,519
785,GOOGL,194,192
786,CRM,139,698
787,INTC,179,739
788,WHR,169,901
789,MON,169,163
790,BAX,152,658
791,UTX,98,577
792,EIX,48,1064
793,ACN,140,138
794,V,4,340
795,ADBE,162,108
796,BMY,193,545
797,FDX,148,779
798,K,126,904
799,MSFT,111,386
800,F,23,525
801,XOM,34,794
802,FB,20,631
803,XEL,113,844
804,CCL,158,528
805,DPS,52,109
806,EA,36,555
807,CPB,48,1158
808,CRM,46,887
809,DIS,86,557
810,ZION,79,316
811,CTL,44,604
812,ADSK,94,338
813,AAPL,132,442
814,WFC,157,932
815,NFLX,187,200
816,ED,35,416
817,CDNS,52,1079
818,CAH,66,199
819,BBT,180,553
820,CNP,133,311
821,XOM,52,352
822,L,40,453
823,CBS,68,697
824,XRAY,105,950
825,AKAM,67,794
826,FB,167,598
827,MA,173,1196
828,F,199,838
829,TRIP,49,211
830,FDX,48,651
831,UTX,13,574
832,CSCO,69,127
833,XL,73,262
834,MSFT,65,626
835,AAPL,50,932
836,APA,12,392
837,A,102,660
838,PEP,71,676
839,MCD,65,446
840,DISCA,133,423
841,TXN,123,344
842,BRK.B,67,389
843,DISH,91,601
844,APA,24,644
845,F,50,6
846,DVN,88,17
847,SNA,74,875
848,NFLX,185,52
849,EA,108,388
850,FDX,100,318
851,HD,2,245
852,FL,7,108
853,FCX,94,141
854,YUM,135,417
855,ED,11,18
856,AKAM,23,595
857,XOM,137,951
858,L,98,1176
859,CPB,14,1354
860,FITB,173,434
861,V,98,1046
862,F,54,134
863,K,18,965
864,MSFT,57,668
865,JCI,91,64
866,UA,111,284
867,WY,30,954
868,AEP,141,930
869,L,16,624
870,WM,111,348
871,V,54,893
872,WDC,2,401
873,IBM,28,709
874,CBS,25,252
875,XOM,179,260
876,IP,108,395
877,ORCL,65,302
878,SO,73,312
879,SYY,190,714
880,ACN,73,4390
881,SBUX,110,413
882,INTC,102,951
883,HD,16,801
884,F,32,732
885,FITB,113,2200
886,AAPL,193,916
887,WMT,140,565
888,APA,187,30
889,FDX,157,461
890,GM,158,881
891,XRAY,188,675
892,CHTR,67,8
893,GE,135,735
894,EA,8,1129
895,WMT,36,369
896,NKE,31,249
897,GS,91,650
898,CRM,78,580
899,CSCO,118,755
900,GM,67,198
901,WMB,3,8
902,UTX,39,1790
903,BIIB,177,423
904,HPE,180,328
905,AAPL,173,490
906,BBY,54,668
907,WY,77,976
908,SBUX,123,99
909,VIAB,23,1140
910,GRMN,170,653
911,BRK.B,134,565
912,CSCO,153,297
913,WMT,141,214
914,BBY,37,457
915,WYN,45,433
916,NFLX,180,962
917,MSFT,124,885
918,SLB,144,957
919,VZ,76,114
920,DUK,30,697
921,ATVI,55,610
922,DPS,123,395
923,C,169,547
924,PKI,150,622
925,MU,102,271
926,DUK,151,897
927,HPE,66,272
928,BBT,147,539
929,BA,113,464
930,ED,164,308
931,CAT,118,410
932,ROK,8,697
933,ETFC,112,799
934,A,130,323
935,AMD,87,607
936,QCOM,93,385
937,TWX,96,377
938,GS,107,242
939,A,169,340
940,DRI,87,467
941,AAPL,40,309
942,IBM,28,915
943,GIS,151,765
944,ALXN,112,240
945,CRM,23,704
946,AMZN,14,326
947,NVDA,154,636
948,STI,170,739
949,V,78,541
950,SLB,165,656
951,TWX,91,546
952,EBAY,163,566
953,AYI,8,499
954,FITB,135,817
955,GE,109,167
956,ADSK,48,200
957,NDAQ,36,528
958,AAPL,12,796
959,V,199,758
960,JPM,183,135
961,WFC,28,525
962,GIS,174,280
963,CHTR,28,349
964,BBT,13,468
965,FDX,113,851
966,AES,84,953
967,QCOM,141,206
968,GS,188,1510
969,GIS,91,17
970,BBT,25,255
971,JCI,87,618
972,AIG,84,246
973,BBY,39,643
974,HD,102,16
975,ACN,50,530
976,EXPE,187,535
977,FE,170,795
978,NSC,120,834
979,WDC,123,104
980,XL,81,714
981,AON,34,846
982,UNP,4,341
983,INTC,118,568
984,JCI,85,919
985,BRK.B,133,252
986,YUM,32,176
987,GM,57,7
988,T,57,706
989,ECL,154,531
990,BLK,78,71
991,VZ,69,787
992,SBUX,178,135
993,QCOM,9,420
994,MAT,28,814
995,APA,39,582
996,EXC,17,357
997,GIS,128,298
998,ADM,165,794
999,DPS,87,40
1000,TAP,15,6800
1001,AKAM,78,7100
1002,TPR,98,818
1003,WDC,69,420
1004,STT,113,730
1005,GS,108,300
1006,EIX,33,478
1007,FB,37,585
1008,AIG,121,2130
1009,DISCA,60,562
1010,WFC,96,94
1011,SBUX,141,776
1012,DAL,173,786
1013,BAC,75,12
1014,FB,74,242
1015,V,11,511
1016,EMN,115,352
1017,BAC,173,879
1018,TWX,2,610
1019,KMB,75,214
1020,WFC,8,606
1021,CSCO,65,523
1022,TPR,112,471
1023,TXN,73,447
1024,EIX,76,755
1025,GOOGL,87,262
1026,FB,148,501
1027,NDAQ,60,595
1028,NKE,48,307
1029,PFE,53,867
1030,IBM,156,185
1031,AMZN,6,799
1032,JCI,188,276
1033,ROK,130,220
1034,BK,178,488
1035,CMG,2,677
1036,EA,58,288
1037,WY,102,192
1038,SBUX,98,475
1039,PGR,95,982
1040,WMT,145,948
1041,TGT,121,448
1042,CBS,51,319
1043,PYPL,66,615
1044,F,24,543
1045,ETFC,187,767
1046,PEP,156,574
1047,C,22,750
1048,MON,53,759
1049,IT,141,557
1050,BBT,130,985
1051,F,96,231
1052,WFC,44,878
1053,IBM,96,7
1054,NWL,130,521
1055,CVX,68,735
1056,QCOM,181,742
1057,EA,161,675
1058,EBAY,91,794
1059,WDC,65,295
1060,EBAY,161,916
1061,IBM,35,712
1062,XRAY,64,13
1063,PG,187,894
1064,ZION,179,323
1065,GOOG,66,671
1066,DIS,179,770
1067,INTC,179,1138
1068,WMB,179,118
1069,NKE,179,593
1070,UA,179,3000
1071,NFLX,35,749
1072,JNPR,3,889
1073,AMGN,83,540
1074,DRI,199,798
1075,L,126,12
1076,AMZN,179,1077
1077,PYPL,100,476
1078,NKE,183,382
1079,DPS,181,823
1080,HAL,57,165
1081,NSC,29,740
1082,WYN,157,420
1083,C,75,419
1084,TRIP,98,896
1085,GOOGL,168,213
1086,HPQ,2,481
1087,AMZN,2,660
1088,GM,2,567
1089,ABT,2,10
1090,KMB,2,864
1091,ADBE,2,228
1092,EA,2,289
1093,GOOGL,2,359
1094,GS,63,620
1095,WMT,8,403
1096,INTC,94,11
1097,NKE,37,565
1098,BMY,64,405
1099,VZ,41,940
1100,BRK.B,161,630
1101,NWL,165,46
1102,GM,41,918
1103,WMT,170,454
1104,AYI,68,627
1105,APC,179,335
1106,AIG,179,157
1107,AAPL,179,1183
1108,CRM,179,418
1109,ADBE,179,853
1110,UA,163,413
1111,TRIP,113,812
1112,DG,147,280
1113,MCD,143,336
1114,GIS,2,136
1115,MSFT,84,617
1116,BF.B,101,604
1117,TXN,79,101
1118,FB,109,329
1119,WFC,126,568
1120,NDAQ,156,319
1121,NDAQ,88,423
1122,GOOGL,198,428
1123,FB,111,377
1124,INTU,102,796
1125,PPL,37,505
1126,AXP,51,475
1127,WFC,94,7
1128,STX,66,689
1129,GS,187,379
1130,GOOGL,162,824
1131,CRM,51,452
1132,TRIP,193,465
1133,DVN,147,2
1134,MSFT,2,910
1135,INTC,170,68
1136,ADSK,20,410
1137,TWX,54,584
1138,AMZN,147,342
1139,EFX,118,966
1140,AMT,184,1197
1141,ALXN,58,147
1142,MCD,85,947
1143,K,75,309
1144,IP,147,366
1145,AAPL,140,1088
1146,GPS,152,559
1147,AIG,53,560
1148,WHR,173,702
1149,BBT,156,550
1150,AAPL,73,726
1151,UNP,55,739
1152,NKE,69,401
1153,UA,64,530
1154,NFLX,68,395
1155,LOW,179,683
1156,TXN,58,548
1157,ROK,34,399
1158,INTC,171,212
1159,CVX,94,551
1160,EMN,159,260
1161,F,62,582
1162,MSFT,120,1056
1163,WHR,91,796
1164,BBT,48,421
1165,GOOGL,7,5
1166,MSFT,132,587
1167,XL,153,964
1168,VZ,76,375
1169,BBT,30,479
1170,XOM,20,512
1171,MCD,64,464
1172,GPS,32,772
1173,PEP,35,397
1174,NFLX,173,831
1175,CRM,154,538
1176,NFLX,3,540
1177,T,191,89
1178,XOM,179,847
1179,EBAY,7,622
1180,INTC,141,689
1181,HD,2,1000
1182,BF.B,60,578
1183,EBAY,187,49
1184,EQIX,48,488
1185,SO,74,179
1186,EIX,87,747
1187,ETFC,123,1199
1188,CNC,77,351
1189,TRIP,141,12
1190,ROK,32,646
1191,FB,89,185
1192,HD,66,443
1193,CNP,99,593
1194,NDAQ,123,131
1195,MET,47,967
1196,CPB,154,795
1197,AAPL,95,2140
1198,AAPL,123,284
1199,WBA,32,571
1200,AES,141,701
1201,HD,102,807
1202,APA,104,466
1203,VZ,165,669
1204,BAC,140,443
1205,NFLX,193,133
1206,PSX,161,823
1207,YUM,199,482
1208,APC,76,399
1209,EMR,56,885
1210,K,107,577
1211,AMAT,30,257
1212,WM,52,872
1213,GD,130,663
1214,EFX,144,542
1215,ADSK,23,146
1216,VZ,105,253
1217,FDX,104,155
1218,NDAQ,62,710
1219,XOM,81,745
1220,BIIB,13,425
1221,AIZ,170,205
1222,EXPE,74,669
1223,AMZN,181,937
1224,CHTR,33,701
1225,FITB,97,441
1226,F,165,65
1227,CSCO,179,566
1228,AMD,66,726
1229,AVGO,186,639
1230,WFC,161,667
1231,AMGN,108,332
1232,ED,105,940
1233,STX,55,129
1234,UNP,128,539
1235,F,76,726
1236,KMX,98,820
1237,APC,109,834
1238,AAP,60,347
1239,GOOGL,30,95
1240,ADSK,178,517
1241,MS,66,420
1242,EA,171,416
1243,V,12,474
1244,INTU,41,200
1245,CA,44,419
1246,FB,144,468
1247,IBM,48,461
1248,BA,28,83
1249,CTAS,111,937
1250,GOOGL,119,197
1251,AEP,75,1011
1252,ATVI,130,579
1253,INTC,95,769
1254,NKE,197,351
1255,CVX,104,803
1256,WM,104,447
1257,APC,89,859
1258,CBS,126,1360
1259,STT,12,468
1260,INTC,45,638
1261,BBT,11,800
1262,VZ,105,768
1263,FDX,173,670
1264,EMN,98,468
1265,EA,52,223
1266,KMB,2,673
1267,ETR,2,564
1268,JPM,2,459
1269,UA,2,4300
1270,JNJ,2,26
1271,PEP,2,584
1272,NFLX,2,481
1273,CTXS,2,35
1274,GOOGL,181,1
1275,EIX,19,934
1276,NFLX,39,1194
1277,HAL,59,28
1278,TRIP,11,25
1279,NKE,187,2
1280,ORLY,165,65
1281,TWX,69,55
1282,VZ,161,45
1283,EBAY,144,15
1284,NSC,87,19
1285,MS,42,6
1286,HAL,133,32
1287,AMZN,165,56
1288,FIS,41,50
1289,JPM,183,55
1290,COF,111,5
1291,ABC,42,7
1292,ACN,56,46
1293,F,169,21
1294,FIS,42,5
1295,GIS,84,88
1296,GOOG,188,45
1297,TXN,141,32
1298,AIZ,190,66
1299,CBS,99,8
1300,FIS,69,6
1301,INTU,73,12
1302,NKE,12,13
1303,EFX,35,8
1304,PEP,154,5
1305,WDC,68,73
1306,AYI,49,6
1307,HAL,48,5
1308,DIS,92,528
1309,KMB,179,324
1310,JPM,173,380
1311,GS,80,559
1312,BA,75,558
1313,GOOGL,34,440
1314,AWK,104,447
1315,STT,173,1099
1316,AMZN,36,294
1317,BAX,36,630
1318,XOM,63,388
1319,ADBE,60,768
1320,JPM,157,826
1321,VIAB,170,73
1322,NDAQ,79,556
1323,KMX,60,689
1324,CHD,152,923
1325,GRMN,48,215
1326,PEP,143,61
1327,DPS,165,5
1328,IT,62,5
1329,WFC,152,62
1330,GS,2,23
1331,PGR,121,846
1332,YUM,70,440
1333,NFLX,6,109
1334,ABC,112,355
1335,NKE,78,630
1336,INTC,141,550
1337,FB,114,118
1338,NKE,49,636
1339,FDX,58,796
1340,MO,133,307
1341,APC,158,6
1342,DISCA,81,5
1343,EQIX,96,5
1344,PG,145,8
1345,BBY,103,18
1346,AWK,141,62
1347,UA,188,65
1348,F,30,88
1349,HPE,73,8
1350,AME,118,8
1351,HAL,77,8
1352,HAL,120,5
1353,GS,8,823
1354,EXPE,119,158
1355,GIS,135,599
1356,BBY,97,59
1357,WDC,187,831
1358,WY,44,800
1359,GE,88,368
1360,GM,112,736
1361,PSX,53,396
1362,CSCO,158,621
1363,PGR,183,247
1364,WFC,134,347
1365,GPS,68,919
1366,GOOGL,75,603
1367,AMZN,68,603
1368,GT,44,292
1369,NKE,55,2600
1370,PEP,67,931
1371,EXPE,130,128
1372,PM,95,326
1373,FB,96,572
1374,HD,114,667
1375,EXPE,67,333
1376,NKE,190,301
1377,A,193,39
1378,CAT,60,692
1379,NFLX,97,522
1380,DRI,98,67
1381,CHTR,194,612
1382,AAPL,17,583
1383,MON,75,497
1384,FL,37,202
1385,GRMN,7,4
1386,MSFT,114,302
1387,NTAP,39,632
1388,ETR,40,696
1389,ORLY,174,244
1390,WMT,45,857
1391,NDAQ,169,497
1392,AAPL,66,30
1393,CVX,23,216
1394,CCL,44,69
1395,XEL,105,364
1396,NFLX,36,32
1397,V,45,2
1398,QCOM,111,2
1399,WMT,13,5
1400,HPE,115,36
1401,PKI,193,25
1402,WBA,144,25
1403,GE,135,41
1404,COF,188,78
1405,BAC,187,6
1406,DISH,140,6
1407,PSX,188,89
1408,NFLX,2,129
1409,EBAY,154,547
1410,CSCO,4,449
1411,BRK.B,157,420
1412,PYPL,129,18
1413,WMB,123,185
1414,FIS,28,795
1415,DAL,188,682
1416,WDC,26,1310
1417,FL,95,835
1418,FB,111,480
1419,INTC,158,780
1420,WHR,113,1325
1421,WMT,114,28
1422,CRM,23,30
1423,AMZN,87,56
1424,BAX,106,55
1425,CVX,58,55
1426,SNA,32,45
1427,AEP,92,586
1428,AAPL,83,314
1429,CVX,34,771
1430,PKI,92,790
1431,GOOGL,108,617
1432,BMY,123,579
1433,AAPL,113,713
1434,ZION,121,1020
1435,AMD,103,599
1436,APA,83,1047
1437,CSCO,20,408
1438,HPE,177,92
1439,HPQ,90,917
1440,DPS,109,414
1441,JPM,141,231
1442,FB,178,591
1443,VZ,165,321
1444,BLL,57,910
1445,QCOM,111,735
1446,V,112,849
1447,CVX,97,127
1448,BAC,50,550
1449,T,7,165
1450,AMZN,185,571
1451,MO,163,400
1452,PYPL,193,43
1453,HPQ,144,750
1454,SYY,12,981
1455,BBY,14,165
1456,ETFC,165,608
1457,FB,105,612
1458,FB,36,290
1459,ETFC,16,473
1460,CVX,18,426
1461,WDC,128,249
1462,IT,23,684
1463,GD,57,832
1464,GOOG,115,405
1465,BAC,166,446
1466,CRM,81,702
1467,PYPL,48,568
1468,CVX,197,1059
1469,AKAM,91,529
1470,AIG,187,565
1471,EA,49,231
1472,GRMN,8,585
1473,AXP,18,542
1474,AOS,119,678
1475,T,134,541
1476,WYN,53,694
1477,C,7,755
1478,XEL,57,605
1479,PYPL,56,585
1480,CSCO,87,94
1481,DVN,60,467
1482,AMZN,7,90
1483,AAPL,35,390
1484,ETFC,126,361
1485,ECL,94,745
1486,ETFC,174,1055
1487,V,91,504
1488,MAT,107,436
1489,BRK.B,67,266
1490,EBAY,181,463
1491,WMT,105,743
1492,BA,40,520
1493,PCLN,76,824
1494,AIG,185,645
1495,EXPE,98,256
1496,F,168,934
1497,VZ,85,723
1498,MSFT,73,357
1499,INTC,70,1610
1500,TPR,75,6
1501,EIX,76,75
1502,LOW,111,552
1503,CSCO,165,4
1504,C,108,489
1505,WMT,118,691
1506,GIS,129,293
1507,AIG,152,96
1508,PSX,111,207
1509,INTC,162,704
1510,MSFT,7,6
1511,CBG,102,451
1512,PEP,191,593
1513,HPE,8,833
1514,PSX,102,649
1515,BRK.B,23,613
1516,ALL,51,494
1517,TWX,50,910
1518,NKE,32,396
1519,EMR,55,954
1520,FL,161,1152
1521,TIF,170,632
1522,HD,29,424
1523,WMT,81,889
1524,IBM,82,475
1525,CAT,54,697
1526,XL,71,561
1527,DAL,20,838
1528,F,52,150
1529,NFLX,25,376
1530,FIS,170,8
1531,MS,163,51
1532,CSCO,158,585
1533,QCOM,157,1078
1534,AIG,4,368
1535,XOM,47,586
1536,AES,84,435
1537,VZ,132,862
1538,ZION,107,628
1539,GOOGL,118,405
1540,YUM,36,575
1541,V,45,1325
1542,HD,40,318
1543,WDC,190,1112
1544,CRM,78,532
1545,MSFT,198,782
1546,CBS,37,247
1547,C,173,582
1548,QCOM,8,493
1549,BBT,167,593
1550,RHT,34,606
1551,EA,109,321
1552,GM,112,1062
1553,NKE,145,884
1554,CTAS,113,587
1555,TXN,87,474
1556,GIS,165,684
1557,NKE,16,549
1558,WDC,98,13
1559,EA,147,926
1560,AAPL,169,804
1561,AIG,76,922
1562,BF.B,129,236
1563,EMN,90,705
1564,AIG,200,602
1565,NWL,194,389
1566,DRI,187,801
1567,BBT,61,507
1568,FITB,23,191
1569,MMM,45,785
1570,EMN,11,381
1571,BAX,119,834
1572,PSX,68,389
1573,ETFC,86,450
1574,FB,102,442
1575,MSFT,154,393
1576,EMN,34,454
1577,RHT,52,152
1578,XOM,94,98
1579,PPL,64,376
1580,T,137,248
1581,NFLX,62,416
1582,GOOG,12,682
1583,CRM,60,595
1584,AAPL,94,677
1585,WY,199,946
1586,TXN,134,911
1587,F,57,248
1588,EXPE,94,681
1589,AAPL,188,544
1590,FB,174,914
1591,NKE,183,7
1592,A,179,8
1593,CRM,62,91
1594,CSCO,105,23
1595,AAPL,126,56
1596,GM,51,8
1597,TRIP,58,8
1598,TWX,2,253
1599,C,129,440
1600,INTC,40,380
1601,EBAY,2,12
1602,XOM,92,107
1603,NFLX,155,1378
1604,AEP,133,522
1605,GOOG,8,167
1606,CHD,183,802
1607,AMD,81,596
1608,NKE,188,599
1609,EFX,137,51
1610,AMZN,57,688
1611,TXN,109,440
1612,EMN,89,902
1613,LMT,113,261
1614,CAH,165,533
1615,AAPL,23,494
1616,AMZN,9,777
1617,MCD,178,373
1618,BIIB,64,391
1619,AAPL,144,596
1620,AAPL,187,988
1621,AMD,23,229
1622,GM,169,422
1623,AIZ,98,661
1624,ADBE,76,75
1625,COF,17,542
1626,V,199,483
1627,NSC,104,640
1628,TRIP,55,503
1629,DISCA,120,249
1630,NFLX,45,290
1631,PYPL,140,663
1632,SYY,33,361
1633,AYI,13,226
1634,VZ,188,397
1635,EFX,25,484
1636,ORCL,57,398
1637,APC,3,1600
1638,NFLX,126,583
1639,TWX,9,2030
1640,HPQ,102,638
1641,K,87,525
1642,WMB,188,285
1643,AMZN,76,1254
1644,WFC,48,310
1645,IT,16,397
1646,AAPL,111,656
1647,TRIP,68,383
1648,WFC,123,557
1649,F,94,2650
1650,NDAQ,68,727
1651,NFLX,168,1240
1652,CVX,169,520
1653,INTC,87,341
1654,PM,192,723
1655,LOW,48,9
1656,BAC,84,316
1657,INTC,166,1104
1658,HAL,106,320
1659,VIAB,134,678
1660,AAPL,21,12
1661,AKAM,30,13
1662,GPS,61,1221
1663,GE,57,751
1664,PGR,102,595
1665,MSFT,11,383
1666,UNP,60,901
1667,NFLX,110,475
1668,CNC,88,298
1669,AAPL,110,424
1670,UNP,72,241
1671,TAP,11,535
1672,JPM,30,177
1673,GD,185,132
1674,BAX,68,10
1675,HD,87,555
1676,BAC,169,525
1677,FL,116,1053
1678,AEP,124,841
1679,NFLX,102,484
1680,GIS,97,34
1681,MET,6,174
1682,EXPE,182,598
1683,HOG,141,323
1684,K,93,972
1685,A,95,406
1686,WMB,57,350
1687,UNP,78,119
1688,MO,28,924
1689,DPS,17,18
1690,GE,89,542
1691,GM,74,1175
1692,GOOGL,72,489
1693,CSCO,178,731
1694,VZ,179,893
1695,GOOGL,179,1103
1696,AAPL,179,799
1697,PPL,179,660
1698,AIZ,121,704
1699,EA,39,584
1700,K,144,725
1701,L,61,875
1702,TWX,15,8
1703,PGR,193,2
1704,NVDA,135,25
1705,FDX,21,546
1706,EA,102,799
1707,BAC,188,355
1708,FB,69,712
1709,BRK.B,87,541
1710,BRK.B,16,538
1711,IBM,30,822
1712,WBA,179,751
1713,XEL,179,885
1714,C,179,11
1715,ZION,179,119
1716,GOOGL,179,423
1717,UNP,54,340
1718,AEP,182,813
1719,EMR,87,465
1720,UNP,23,865
1721,GM,155,254
1722,ABT,56,1900
1723,AYI,199,363
1724,AJG,154,686
1725,CHD,113,605
1726,AMZN,92,306
1727,PPL,148,277
1728,AMZN,9,805
1729,RHT,50,557
1730,EXPE,152,489
1731,FB,12,1172
1732,MSFT,154,268
1733,FIS,79,713
1734,NKE,69,345
1735,EMR,93,641
1736,GS,130,451
1737,GE,174,12
1738,ED,145,423
1739,GIS,145,89
1740,ADI,170,403
1741,TPR,168,430
1742,GOOGL,98,20
1743,BRK.B,50,80
1744,HD,23,496
1745,JCI,87,128
1746,AAPL,49,577
1747,EXPE,99,335
1748,CNC,19,382
1749,CVX,48,481
1750,WMT,48,832
1751,FIS,93,914
1752,MO,121,575
1753,GM,78,794
1754,D,32,170
1755,AKAM,79,491
1756,DVN,45,851
1757,FB,157,3200
1758,T,141,872
1759,VZ,8,898
1760,DISCA,156,511
1761,BIIB,16,399
1762,HAL,57,457
1763,WYNN,157,713
1764,SYY,17,134
1765,AIG,35,645
1766,AMD,111,475
1767,CPB,71,99
1768,GOOGL,4,1164
1769,CSCO,150,630
1770,PM,28,195
1771,IBM,155,1325
1772,V,174,314
1773,MET,44,113
1774,CMG,78,332
1775,NFLX,63,820
1776,SO,140,320
1777,ATVI,95,389
1778,BAC,60,416
1779,GOOGL,121,748
1780,AAPL,166,391
1781,INTC,16,470
1782,ABT,180,991
1783,VIAB,35,647
1784,ETFC,200,344
1785,CHD,105,716
1786,YUM,35,541
1787,ADSK,129,196
1788,INTC,36,535
1789,PM,33,699
1790,TWX,200,571
1791,FDX,152,50
1792,T,171,49
1793,T,156,30
1794,MON,135,15
1795,MON,144,554
1796,FDX,9,489
1797,IBM,114,135
1798,VZ,33,691
1799,F,73,359
1800,BLL,7,945
1801,XOM,102,503
1802,EA,187,587
1803,GE,2,1178
1804,ROK,107,155
1805,PGR,113,176
1806,GM,78,608
1807,GRMN,2,576
1808,IBM,2,746
1809,GIS,2,421
1810,GOOGL,2,804
1811,HPE,2,914
1812,MAR,2,530
1813,V,2,363
1814,MON,179,796
1815,PEP,183,425
1816,ABT,87,1187
1817,GOOG,66,4
1818,GRMN,109,436
1819,F,159,460
1820,D,159,245
1821,CSCO,111,346
1822,AAPL,48,666
1823,ORCL,54,711
1824,WFC,50,701
1825,NFLX,7,318
1826,GOOGL,154,801
1827,HD,178,892
1828,MSFT,147,836
1829,V,54,553
1830,DISCA,170,311
1831,QCOM,2,417
1832,AMZN,2,379
1833,HD,2,122
1834,BK,2,762
1835,ZION,2,734
1836,TWX,2,654
1837,NVDA,2,46
1838,FFIV,2,52
1839,CBS,2,51
1840,UA,2,51
1841,EBAY,2,101
1842,JNPR,35,445
1843,HD,66,255
1844,GOOGL,60,1170
1845,EIX,173,871
1846,EXC,148,479
1847,ETFC,85,298
1848,XRAY,166,386
1849,INTC,89,65
1850,GOOG,158,32
1851,IP,199,30
1852,MS,98,95
1853,GD,157,5
1854,CRM,169,23
1855,DIS,157,3
1856,WDC,8,12
1857,GE,190,812
1858,GOOGL,194,1
1859,PPL,178,55
1860,BBT,74,487
1861,INTC,78,429
1862,ATVI,70,214
1863,TXN,73,623
1864,WFC,87,264
1865,XL,199,583
1866,WDC,152,647
1867,PG,188,64
1868,AMZN,51,451
1869,AMZN,112,678
1870,AMT,193,202
1871,GOOGL,45,535
1872,C,49,916
1873,AWK,170,272
1874,ETFC,39,4
1875,RHT,156,80
1876,CNP,197,63
1877,IBM,163,62
1878,FFIV,158,26
1879,FIS,143,62
1880,AKAM,156,66
1881,FIS,40,95
1882,AMD,8,18
1883,BBT,89,59
1884,ALXN,3,7
1885,CHD,34,68
1886,DAL,183,41
1887,ROK,101,82
1888,ADBE,171,280
1889,AAPL,94,3360
1890,AWK,179,4
1891,DIS,94,79
1892,NDAQ,173,7
1893,WMT,45,323
1894,VZ,40,146
1895,XL,193,1221
1896,TPR,131,425
1897,CVX,49,230
1898,ADM,120,52
1899,UA,30,40
1900,ADM,24,10
1901,EA,187,49
1902,SBUX,101,78
1903,NKE,76,12
1904,GPS,7,76
1905,GIS,3,20
1906,AMAT,105,182
1907,DRI,187,601
1908,A,69,554
1909,SO,8,259
1910,C,130,302
1911,JNJ,2,560
1912,KMB,171,278
1913,MO,173,91
1914,MMM,93,24
1915,WYN,28,45
1916,T,140,94
1917,AMGN,95,66
1918,EFX,161,54
1919,TWX,69,35
1920,BAC,99,79
1921,ETFC,163,45
1922,ADBE,78,7
1923,CTAS,165,9
1924,CSCO,121,4
1925,JPM,36,45
1926,GE,52,25
1927,INTU,193,215
1928,DIS,69,25
1929,ABT,2,1
1930,MON,95,179
1931,NDAQ,98,245
1932,CAH,45,242
1933,SLB,190,356
1934,GOOGL,78,800
1935,GOOGL,190,401
1936,NDAQ,190,491
1937,ACN,18,705
1938,TPR,73,470
1939,XOM,68,767
1940,BRK.B,39,382
1941,GS,81,435
1942,NFLX,77,824
1943,AFL,78,513
1944,ADSK,104,371
1945,AEP,83,879
1946,FL,121,1166
1947,BRK.B,188,1129
1948,FB,126,846
1949,YUM,159,155
1950,ADBE,22,1022
1951,GE,126,414
1952,ABT,187,189
1953,SBUX,159,45
1954,DIS,108,65
1955,FCX,56,45
1956,PEP,57,36
1957,WFC,26,76
1958,A,73,45
1959,TPR,33,92
1960,NDAQ,45,7
1961,AON,93,6
1962,MCD,129,88
1963,GIS,113,54
1964,UA,22,15
1965,NVDA,168,28
1966,VZ,89,9
1967,WMT,105,98
1968,EXPE,126,28
1969,ROK,179,23
1970,GE,159,57
1971,ATVI,188,55
1972,WM,16,28
1973,FFIV,199,9
1974,BIIB,152,1139
1975,TRIP,69,31
1976,PSX,140,25
1977,V,178,74
1978,DISCA,152,51
1979,FIS,36,56
1980,CRM,187,168
1981,ESRX,115,6
1982,UNP,111,10
1983,GS,2,43
1984,DAL,121,56
1985,NKE,104,33
1986,EIX,72,11
1987,V,81,63
1988,WFC,33,5
1989,FE,111,10
1990,WMT,76,398
1991,D,168,1010
1992,CVX,107,562
1993,AMT,187,614
1994,NFLX,127,1111
1995,ETFC,118,243
1996,ACN,179,315
1997,WMT,59,63
1998,V,45,565
1999,WHR,32,978
2000,MET,75,666
2001,AMZN,108,754
2002,GPS,51,107
2003,GOOGL,75,61
2004,T,123,324
2005,CSCO,105,74
2006,WFC,190,58
2007,EXC,45,65
2008,CRM,188,473
2009,INTC,178,1149
2010,JPM,111,730
2011,TWX,28,720
2012,AMZN,14,86
2013,FB,51,8
2014,EA,57,7
2015,ADBE,119,45
2016,IBM,179,15
2017,PGR,99,22
2018,AXP,12,35
2019,PGR,180,34
2020,AES,22,6
2021,CHD,88,78
2022,F,166,7
2023,AMD,14,58
2024,NFLX,65,6
2025,AMAT,138,4
2026,T,168,14
2027,AIG,179,4
2028,NFLX,181,1036
2029,AMAT,87,4
2030,RHT,51,40
2031,TAP,60,12
2032,INTC,149,5
2033,VZ,40,6
2034,AIG,23,18
2035,QCOM,170,19
2036,GD,36,3925
2037,GOOGL,115,35
2038,T,89,6
2039,GPS,196,6
2040,UTX,42,9
2041,PG,17,7
2042,FIS,100,751
2043,PSX,119,424
2044,BBT,183,442
2045,VZ,71,533
2046,EBAY,95,323
2047,INTU,171,504
2048,IBM,174,738
2049,NFLX,156,19
2050,ORCL,193,478
2051,MA,67,8
2052,BRK.B,40,971
2053,F,56,397
2054,CTXS,94,85
2055,ADI,179,7
2056,FITB,83,58
2057,FB,65,56
2058,DAL,147,12
2059,UTX,133,35
2060,NFLX,164,18
2061,ROK,63,5
2062,WYNN,24,209
2063,WBA,169,0
2064,VZ,79,6
2065,VZ,86,3
2066,TWX,144,36
2067,PM,144,6
2068,BBT,194,25
2069,AMZN,185,34
2070,INTC,179,183
2071,PEP,179,454
2072,UNP,179,288
2073,KMB,179,475
2074,DRI,137,236
2075,ED,189,546
2076,GOOGL,18,164
2077,NTAP,170,23
2078,DIS,147,15
2079,HAL,136,15
2080,AMZN,54,33
2081,AIZ,123,6
2082,CBS,37,6
2083,GD,50,98
2084,HPQ,32,6
2085,GOOGL,160,15
2086,NDAQ,178,23
2087,STT,52,78
2088,MS,54,9
2089,C,65,56
2090,CSCO,3,266
2091,EXC,50,805
2092,GS,170,47
2093,ADM,20,896
2094,UNP,60,719
2095,ROK,190,391
2096,GS,37,469
2097,T,102,814
2098,EXC,156,488
2099,CVX,74,853
2100,WDC,181,367
2101,STT,68,187
2102,BRK.B,105,855
2103,AAPL,8,224
2104,VZ,123,103
2105,EMN,162,665
2106,CVX,11,421
2107,FDX,151,631
2108,MSFT,69,171
2109,BAX,12,1061
2110,KMB,188,880
2111,GE,173,278
2112,BRK.B,134,570
2113,WBA,16,583
2114,AKAM,38,445
2115,EXPE,42,638
2116,EIX,134,593
2117,CTAS,32,655
2118,NKE,35,333
2119,BRK.B,120,12
2120,AYI,22,762
2121,AXP,66,330
2122,KMX,179,371
2123,AMZN,94,7
2124,XL,56,584
2125,F,179,450
2126,MSFT,179,271
2127,AMZN,179,275
2128,IBM,67,309
2129,STT,16,612
2130,CVX,179,458
2131,A,53,5
2132,APA,12,790
2133,GPS,179,362
2134,NDAQ,53,290
2135,GIS,173,19
2136,FB,179,579
2137,DIS,179,664
2138,GOOGL,44,422
2139,HOG,179,1279
2140,KHC,69,433
2141,NKE,116,816
2142,ABT,179,866
2143,WMT,179,692
2144,V,41,565
2145,DRI,28,505
2146,CTAS,88,5
2147,AKAM,11,31
2148,DISCA,83,8
2149,IT,2,760
2150,PEP,73,131
2151,AAPL,123,3
2152,ALXN,30,313
2153,NDAQ,68,9
2154,PEP,72,771
2155,ETFC,163,68
2156,INTU,16,35
2157,NDAQ,186,25
2158,XRAY,64,830
2159,PEP,144,413
2160,CA,135,155
2161,CHTR,7,131
2162,ACN,72,342
2163,CMG,77,180
2164,BBT,186,4
2165,WMT,193,279
2166,MO,121,860
2167,GT,157,945
2168,PEP,140,410
2169,EQIX,135,643
2170,DAL,36,561
2171,WFC,22,624
2172,IBM,158,496
2173,ADBE,43,787
2174,GOOGL,60,1
2175,ATVI,174,342
2176,CSCO,74,287
2177,PSX,144,518
2178,T,123,923
2179,EA,11,329
2180,WMB,2,895
2181,APC,181,951
2182,AJG,68,262
2183,PSX,30,623
2184,FIS,22,287
2185,NDAQ,102,823
2186,WMB,174,527
2187,T,130,514
2188,JNJ,108,680
2189,MS,120,584
2190,GE,164,572
2191,SLB,173,479
2192,EXPE,113,547
2193,CSCO,12,184
2194,CVX,40,257
2195,JPM,28,278
2196,AIG,71,2110
2197,VZ,170,636
2198,XOM,41,477
2199,CTAS,22,388
2200,IBM,130,683
2201,MSFT,145,469
2202,EXPE,153,815
2203,BA,52,637
2204,INTU,134,590
2205,FIS,45,701
2206,AMT,91,749
2207,AAPL,185,885
2208,FDX,169,360
2209,NFLX,37,560
2210,MSFT,52,445
2211,EBAY,160,948
2212,BRK.B,34,870
2213,ZION,112,274
2214,BWA,187,1165
2215,WMT,159,24
2216,EBAY,94,21
2217,MON,77,461
2218,WFC,191,634
2219,CHD,137,629
2220,CTAS,198,618
2221,TXN,93,202
2222,A,157,517
2223,TRIP,184,580
2224,GS,96,330
2225,T,116,33
2226,BIIB,54,479
2227,NDAQ,190,576
2228,WDC,53,579
2229,ETR,91,782
2230,WDC,149,775
2231,EIX,4,1025
2232,WM,91,852
2233,MS,49,383
2234,MS,62,705
2235,BBT,187,606
2236,PEP,199,342
2237,ACN,18,996
2238,IQV,23,355
2239,BRK.B,58,702
2240,AFL,185,89
2241,AAPL,52,558
2242,NVDA,81,607
2243,BRK.B,16,578
2244,GOOGL,34,328
2245,NKE,151,911
2246,A,73,858
2247,A,66,260
2248,KMX,41,578
2249,HAL,197,35
2250,ETFC,85,834
2251,CCL,93,405
2252,AAP,82,717
2253,HOG,37,524
2254,AEP,44,444
2255,EIX,91,849
2256,IP,152,555
2257,ORCL,67,437
2258,CVX,113,453
2259,FB,73,76
2260,AIG,149,55
2261,BLL,185,103
2262,AON,45,299
2263,DG,92,1087
2264,NDAQ,30,801
2265,C,60,130
2266,LMT,188,678
2267,INTC,35,940
2268,VZ,2,1250
2269,GOOGL,78,493
2270,PGR,65,870
2271,NFLX,35,451
2272,FIS,117,5
2273,ROK,180,311
2274,CMG,193,646
2275,NDAQ,130,30
2276,BK,130,429
2277,CA,161,592
2278,PGR,141,331
2279,AXP,183,577
2280,NFLX,91,716
2281,LNC,21,808
2282,C,2,1001
2283,PEP,2,532
2284,NKE,2,655
2285,MA,2,493
2286,HAL,61,336
2287,INTC,69,561
2288,AAPL,178,518
2289,CRM,179,327
2290,GM,87,82
2291,EA,186,750
2292,AAPL,196,655
2293,CVX,39,366
2294,EMN,94,309
2295,CNC,139,403
2296,AMT,98,609
2297,CSCO,108,784
2298,PEP,115,563
2299,GM,98,4460
2300,HOG,154,933
2301,GIS,62,933
2302,BBY,133,421
2303,CSCO,142,7
2304,HAL,112,24
2305,V,180,1058
2306,AYI,115,127
2307,ADBE,104,978
2308,NDAQ,128,937
2309,NKE,109,748
2310,IBM,100,275
2311,GOOGL,97,238
2312,CBS,171,657
2313,F,92,470
2314,PCLN,71,75
2315,APC,107,387
2316,WDC,118,126
2317,BA,139,615
2318,SYY,129,549
2319,AFL,147,2300
2320,WMB,91,1100
2321,CSCO,105,281
2322,MA,91,315
2323,AEP,72,737
2324,AME,182,634
2325,AMAT,73,198
2326,ATVI,179,830
2327,WMT,52,965
2328,NFLX,94,456
2329,WHR,165,514
2330,EA,96,927
2331,TRIP,71,887
2332,DAL,39,835
2333,V,52,139
2334,V,183,9
2335,AMZN,128,970
2336,F,190,115
2337,GOOGL,192,989
2338,UNP,120,535
2339,PEP,87,790
2340,AIG,166,1192
2341,PEP,191,755
2342,CMG,2,839
2343,ATVI,11,686
2344,CAH,98,490
2345,WFC,37,266
2346,EFX,3,113
2347,AAPL,45,6
2348,T,2,556
2349,ORCL,2,403
2350,TWX,2,810
2351,CRM,2,218
2352,FDX,2,560
2353,JNPR,2,326
2354,WHR,2,564
2355,LMT,102,420
2356,TWX,48,133
2357,AIG,36,827
2358,NFLX,118,256
2359,AMZN,61,84
2360,BRK.B,183,755
2361,WFC,13,605
2362,AMZN,87,356
2363,K,113,515
2364,IBM,80,4
2365,EBAY,115,17
2366,V,177,1084
2367,ORCL,145,547
2368,WDC,19,572
2369,CDNS,71,584
2370,CSCO,113,169
2371,ATVI,4,675
2372,PYPL,48,600
2373,GE,191,659
2374,DAL,8,585
2375,CDNS,44,237
2376,WFC,183,712
2377,HOG,56,532
2378,BK,62,339
2379,V,57,167
2380,BRK.B,183,667
2381,CBS,120,214
2382,NKE,30,636
2383,MCD,55,329
2384,AIG,192,483
2385,EXPE,177,905
2386,EBAY,130,317
2387,L,7,335
2388,QCOM,121,862
2389,WYNN,45,417
2390,TXN,62,1309
2391,CNC,131,694
2392,DIS,144,274
2393,GPS,102,1048
2394,GOOGL,181,399
2395,GE,73,274
2396,ATVI,198,100
2397,APC,16,539
2398,QCOM,147,576
2399,ZION,67,820
2400,CAT,32,915
2401,SO,179,229
2402,BRK.B,50,367
2403,AIG,32,899
2404,APH,149,723
2405,INTU,23,834
2406,T,61,418
2407,ORCL,71,447
2408,A,165,609
2409,NFLX,103,263
2410,C,20,19
2411,LOW,149,747
2412,AKAM,157,556
2413,XOM,199,430
2414,L,62,104
2415,SBUX,88,31
2416,BRK.B,183,380
2417,IQV,193,16
2418,NFLX,179,415
2419,TXN,157,653
2420,CPB,112,587
2421,GOOG,133,1147
2422,AMZN,51,289
2423,DAL,77,196
2424,CNC,137,736
2425,NVDA,199,116
2426,NDAQ,171,860
2427,WMT,187,367
2428,HPE,22,421
2429,MSFT,141,7
2430,GE,51,322
2431,PCLN,91,22
2432,EBAY,133,597
2433,MO,94,583
2434,XOM,39,115
2435,CRM,121,917
2436,CAT,163,948
2437,FB,187,541
2438,RHT,102,392
2439,GRMN,60,393
2440,GIS,126,219
2441,TWX,41,575
2442,EA,4,674
2443,ROK,96,103
2444,WFC,67,575
2445,AIZ,131,224
2446,AMZN,158,878
2447,WHR,61,2
2448,IBM,53,29
2449,GIS,120,670
2450,CVX,156,412
2451,GOOGL,50,207
2452,ALXN,129,794
2453,CSCO,28,284
2454,PG,72,213
2455,AAPL,70,318
2456,AMD,96,768
2457,ROK,156,372
2458,PSX,51,816
2459,GE,108,450
2460,HPQ,156,617
2461,NKE,60,316
2462,T,170,33
2463,RHT,109,1013
2464,GS,62,642
2465,INTC,36,229
2466,DAL,110,371
2467,IBM,2,356
2468,AJG,2,1066
2469,AKAM,2,265
2470,MSFT,2,1000
2471,GS,112,217
2472,BWA,76,275
2473,EBAY,131,947
2474,T,48,123
2475,VZ,88,554
2476,V,178,862
2477,BAX,2,1017
2478,CHTR,129,273
2479,BMY,3,47
2480,INTU,2,450
2481,WMB,2,145
2482,HOG,2,554
2483,GS,141,3
2484,AAPL,167,370
2485,GOOGL,11,317
2486,VZ,50,754
2487,NSC,11,457
2488,CBG,60,489
2489,ETFC,8,527
2490,WDC,45,487
2491,HD,179,505
2492,WDC,179,484
2493,AMZN,179,286
2494,DIS,179,598
2495,AOS,179,663
2496,AAPL,179,532
2497,F,56,260
2498,V,179,349
2499,ROK,2,4540
2500,AIZ,9,441
2501,HAL,167,12
2502,VZ,107,771
2503,GS,143,641
2504,APA,40,856
2505,FITB,129,377
2506,FDX,171,2
2507,CAH,121,821
2508,PEP,81,3290
2509,KMX,167,866
2510,MET,73,879
2511,VZ,22,728
2512,C,133,528
2513,ABC,157,122
2514,NFLX,2,803
2515,AMGN,105,656
2516,T,130,222
2517,WY,152,167
2518,BIIB,60,1014
2519,AAPL,108,11
2520,JPM,191,176
2521,TXN,11,361
2522,GM,144,475
2523,CCL,95,430
2524,EXPE,71,722
2525,APA,33,338
2526,MSFT,147,151
2527,PSX,190,313
2528,BAC,39,1156
2529,EXPE,170,3
2530,VZ,141,743
2531,VZ,22,404
2532,PM,69,825
2533,PGR,193,541
2534,WDC,34,956
2535,NKE,39,359
2536,CVX,69,386
2537,VIAB,86,415
2538,T,165,746
2539,FCX,36,663
2540,VZ,90,87
2541,TWX,93,529
2542,APA,111,514
2543,STX,51,262
2544,K,52,853
2545,CSCO,62,293
2546,AMZN,180,700
2547,XEL,15,171
2548,WYN,112,196
2549,CPB,35,373
2550,GS,77,1192
2551,EMN,36,780
2552,WMT,59,803
2553,XL,50,842
2554,CA,77,598
2555,ADBE,97,426
2556,DRI,138,681
2557,AAPL,114,657
2558,STX,190,573
2559,CAT,32,384
2560,FIS,187,835
2561,FDX,44,468
2562,GS,131,829
2563,UNP,179,13
2564,ZION,144,1263
2565,FL,12,321
2566,MO,2,63
2567,MON,2,788
2568,EMN,2,896
2569,GT,2,980
2570,CAH,2,632
2571,PSX,2,925
2572,EBAY,2,619
2573,AMZN,2,592
2574,BRK.B,2,500
2575,XL,2,486
2576,CHTR,48,524
2577,GOOG,68,712
2578,AAPL,39,457
2579,CPB,87,5
2580,NDAQ,132,967
2581,EXPE,91,77
2582,UA,197,659
2583,HD,35,755
2584,GPS,69,544
2585,GIS,165,779
2586,TXN,157,800
2587,GOOGL,180,405
2588,IP,78,500
2589,WBA,147,456
2590,AMZN,25,30
2591,MMM,84,349
2592,BA,94,685
2593,PM,183,496
2594,WMT,197,112
2595,T,22,180
2596,INTC,103,244
2597,WYN,71,886
2598,NFLX,39,666
2599,BRK.B,190,360
2600,ABT,76,480
2601,MS,107,18
2602,APA,197,576
2603,EBAY,183,1044
2604,PCLN,133,1313
2605,MO,166,552
2606,INTC,91,185
2607,CAT,2,4280
2608,SBUX,2,863
2609,DISCA,2,362
2610,EFX,2,1023
2611,NKE,2,592
2612,TAP,2,335
2613,GOOGL,2,1093
2614,AMT,2,245
2615,NSC,2,435
2616,XL,48,518
2617,CSCO,170,497
2618,STI,42,777
2619,CAT,37,144
2620,JCI,17,281
2621,FFIV,102,540
2622,KMX,2,246
2623,WHR,2,319
2624,ADBE,2,616
2625,FB,2,568
2626,ADBE,2,310
2627,MSFT,2,317
2628,APC,2,223
2629,KMX,2,113
2630,BBT,179,127
2631,GOOGL,179,641
2632,BBY,16,605
2633,NFLX,42,785
2634,LMT,65,96
2635,BAC,188,129
2636,VIAB,69,442
2637,ED,184,812
2638,DIS,7,1024
2639,INTC,179,1162
2640,MMM,179,20
2641,EA,2,126
2642,STI,68,878
2643,ADSK,75,357
2644,DISCA,38,3
2645,CSCO,20,568
2646,CB,13,511
2647,EA,67,23
2648,V,70,925
2649,AVGO,42,170
2650,CHD,2,318
2651,DIS,2,663
2652,ADBE,2,474
2653,YUM,2,594
2654,HOG,2,465
2655,FITB,2,522
2656,MSFT,144,425
2657,MCD,22,272
2658,CNC,87,752
2659,AKAM,111,309
2660,AAPL,109,441
2661,WYNN,52,574
2662,CHTR,99,504
2663,NKE,67,506
2664,DIS,140,390
2665,CSCO,28,1045
2666,BBT,89,699
2667,MSFT,171,167
2668,KMX,138,381
2669,K,52,402
2670,GE,168,821
2671,BBT,74,20
2672,FB,118,4200
2673,COF,98,443
2674,AAPL,2,392
2675,TXN,2,664
2676,FCX,2,578
2677,HPE,2,539
2678,NFLX,2,532
2679,KMX,2,721
2680,AIZ,16,191
2681,EMN,80,726
2682,BRK.B,22,694
2683,MCD,81,282
2684,BBT,2,626
2685,PEP,2,632
2686,HAL,2,11
2687,WFC,2,413
2688,MET,2,637
2689,GS,23,598
2690,GM,2,264
2691,CSCO,77,934
2692,AFL,2,393
2693,CB,2,449
2694,EXPE,73,339
2695,MA,2,328
2696,JNPR,12,676
2697,XOM,51,710
2698,CNC,183,849
2699,INTC,8,514
2700,GM,120,302
